{"accuracy": 0.7142857142857143, "specificity": 0.3125, "sensitivity": 0.7865168539325843}